{"count":1,"self":0.9674879999999999,"total":1.401093,"children":{"InitializeActuators":{"count":1,"self":0.002701,"total":0.002701,"children":null},"InitializeSensors":{"count":1,"self":0.0096499999999999989,"total":0.0096499999999999989,"children":null},"AgentSendState":{"count":90,"self":0.002141,"total":0.24515299999999998,"children":{"CollectObservations":{"count":10,"self":0.0013139999999999998,"total":0.0013139999999999998,"children":null},"WriteActionMask":{"count":10,"self":0.000237,"total":0.000237,"children":null},"RequestDecision":{"count":10,"self":0.0042429999999999994,"total":0.24146099999999998,"children":{"AgentInfo.ToProto":{"count":10,"self":0.001308,"total":0.23721799999999998,"children":{"GenerateSensorData":{"count":10,"self":0.012060999999999999,"total":0.23590999999999998,"children":{"CameraSensor.WriteToTensor":{"count":10,"self":0.223849,"total":0.223849,"children":null}}}}}}}}},"DecideAction":{"count":90,"self":0.158249,"total":0.158249,"children":null},"AgentAct":{"count":90,"self":0.015075999999999999,"total":0.015075999999999999,"children":null}},"gauges":{},"metadata":{"timer_format_version":"0.1.0","start_time_seconds":"1645050333","unity_version":"2021.1.25f1","command_line_arguments":"\/home\/daniel\/Code\/cbsim\/navrep3d\/LFS\/mlagents_executables\/gallery.x86_64 --mlagents-port 5021","communication_protocol_version":"1.5.0","com.unity.ml-agents_version":"2.1.0-exp.1","scene_name":"PictureGallery","end_time_seconds":"1645050334"}}